{
    "threshold": 16.347113323211662,
    "mean_member_loss": 5.488047551301529,
    "std_member_loss": 5.821260639917974,
    "description": "Generated by calc_thresholds.py"
}