{
    "threshold": 0.19499187618493966,
    "mean_member_loss": 0.08136346572763871,
    "std_member_loss": 0.5144012284488751,
    "description": "Generated by calc_thresholds.py (JSON Aligned Version)"
}